{"initial_reset_timestamp": 1490244014.490873, "timestamps": [1490244016.2834518, 1490244016.5096908, 1490244016.553477, 1490244016.554995, 1490244016.556712, 1490244016.558531, 1490244016.562464, 1490244016.5666518, 1490244016.733113, 1490244016.780629, 1490244016.7820292, 1490244016.783492, 1490244016.78555, 1490244016.786756, 1490244016.788838, 1490244016.790244, 1490244016.792651, 1490244016.794322, 1490244016.7959502, 1490244016.797507, 1490244016.798805, 1490244016.80022, 1490244016.801518, 1490244016.802814, 1490244016.804688, 1490244016.80753, 1490244016.81056, 1490244016.9902132, 1490244017.05432, 1490244017.055885, 1490244017.0573661, 1490244017.058727, 1490244017.0607092, 1490244017.063259, 1490244017.0682209, 1490244017.070314, 1490244017.072198, 1490244017.0739021, 1490244017.07551, 1490244017.082262, 1490244017.0960069, 1490244017.098911, 1490244017.101103, 1490244017.103051, 1490244017.104702, 1490244017.1059709, 1490244017.107328, 1490244017.108701, 1490244017.110346, 1490244017.113258, 1490244017.115434, 1490244017.1173499, 1490244017.119379, 1490244017.121163, 1490244017.122699, 1490244017.125609, 1490244017.12856, 1490244017.1321979, 1490244017.135703, 1490244017.13799, 1490244017.140468, 1490244017.143678, 1490244017.1450958, 1490244017.147118, 1490244017.301366, 1490244017.345703, 1490244017.347309, 1490244017.34907, 1490244017.35097, 1490244017.352127, 1490244017.353614, 1490244017.355189, 1490244017.3565629, 1490244017.3585842, 1490244017.3611221, 1490244017.364574, 1490244017.368447, 1490244017.3715782, 1490244017.374261, 1490244017.37728, 1490244017.379102, 1490244017.382829, 1490244017.385029, 1490244017.387362, 1490244017.389087, 1490244017.391626, 1490244017.3960161, 1490244017.3993332, 1490244017.400724, 1490244017.402334, 1490244017.40435, 1490244017.405845, 1490244017.4073799, 1490244017.4085078, 1490244017.410097, 1490244017.411793, 1490244017.413836, 1490244017.41616, 1490244017.41759, 1490244017.419497, 1490244017.4214358, 1490244017.423149, 1490244017.4245389, 1490244018.8693671, 1490244018.903348, 1490244019.007317, 1490244019.062882, 1490244019.1097758, 1490244019.1896682, 1490244019.232466, 1490244019.2826939, 1490244019.350156, 1490244019.415642, 1490244019.4832032, 1490244019.5179892, 1490244019.5579982, 1490244019.6076841, 1490244019.652583, 1490244019.7268522, 1490244019.822639, 1490244019.873923, 1490244019.9487581, 1490244020.008915, 1490244020.144706, 1490244020.205284, 1490244020.426038, 1490244020.498661, 1490244020.5255098, 1490244020.558984, 1490244020.6186152, 1490244020.656049, 1490244020.733682, 1490244020.797861, 1490244021.010648, 1490244021.110728, 1490244021.2140229, 1490244021.252071, 1490244021.31042, 1490244021.570873, 1490244021.843338, 1490244022.148625, 1490244022.497727, 1490244022.824765, 1490244023.1161711, 1490244023.424896, 1490244023.757463, 1490244024.08159, 1490244024.613487, 1490244024.974071, 1490244025.655704, 1490244026.058808, 1490244026.5374599, 1490244027.043264, 1490244027.447689, 1490244027.859064, 1490244028.242935, 1490244028.604413, 1490244028.972749, 1490244029.344645, 1490244029.729672, 1490244030.115644, 1490244030.5268211, 1490244030.900219, 1490244031.346699, 1490244031.813123, 1490244032.226138, 1490244032.7561831, 1490244033.168305, 1490244033.537127, 1490244033.898114, 1490244034.263286, 1490244034.8120189, 1490244035.201643, 1490244035.559569, 1490244035.907373, 1490244036.282068, 1490244036.801124, 1490244037.131221, 1490244037.4746082, 1490244037.80956, 1490244038.1712132, 1490244038.51456, 1490244038.8596601, 1490244039.274312, 1490244039.709973, 1490244040.145659, 1490244040.490444, 1490244040.9006348, 1490244041.385622, 1490244041.748492, 1490244042.083821, 1490244042.408355, 1490244042.736091, 1490244043.089217, 1490244043.428776, 1490244043.7927501, 1490244044.108843, 1490244044.434782, 1490244044.7652328, 1490244045.092631, 1490244045.453818, 1490244045.734324, 1490244046.0387142, 1490244046.3336189, 1490244046.660067, 1490244046.944639, 1490244047.2812219, 1490244047.594032, 1490244047.916849, 1490244048.2391949, 1490244048.553397, 1490244048.856878, 1490244049.169426, 1490244049.491831, 1490244049.805129, 1490244050.1076102, 1490244051.8552, 1490244052.3089259, 1490244052.791348, 1490244053.162955, 1490244053.536899, 1490244053.876887, 1490244054.235105, 1490244054.606742, 1490244054.967324, 1490244055.320559, 1490244055.638806, 1490244055.964499, 1490244056.2706509, 1490244056.577287, 1490244056.90254, 1490244057.199714, 1490244057.512678, 1490244057.807059, 1490244058.127837, 1490244058.459892, 1490244058.78305, 1490244059.083332, 1490244059.396163, 1490244059.728829, 1490244060.0466712, 1490244060.391825, 1490244060.737474, 1490244061.0346618, 1490244061.361954, 1490244061.679038, 1490244062.009088, 1490244062.324484, 1490244062.646924, 1490244062.95597, 1490244063.287657, 1490244063.605438, 1490244063.914756, 1490244063.981492, 1490244064.2844522, 1490244064.6223092, 1490244064.94617, 1490244065.259014, 1490244065.5828469, 1490244065.9134378, 1490244066.228117, 1490244066.564953, 1490244066.8933492, 1490244067.233561, 1490244067.5734148, 1490244067.875783, 1490244068.189306, 1490244068.534959, 1490244068.850101, 1490244069.178696, 1490244069.496186, 1490244069.804777, 1490244070.1336389, 1490244070.452088, 1490244070.790453, 1490244071.139434, 1490244071.474655, 1490244071.781622, 1490244072.10017, 1490244072.421484, 1490244072.7449448, 1490244073.063353, 1490244073.361064, 1490244073.73096, 1490244074.079194, 1490244074.3948789, 1490244074.720596, 1490244075.043083, 1490244075.3655381, 1490244075.702223, 1490244076.040444, 1490244076.359495, 1490244076.6908789, 1490244077.034189, 1490244077.352281, 1490244077.702723, 1490244078.054401, 1490244078.394512, 1490244078.7024388, 1490244079.040523, 1490244079.382476, 1490244079.729554, 1490244080.073612, 1490244080.46164, 1490244080.8259358, 1490244081.1897988, 1490244081.580707, 1490244081.954336, 1490244082.3525481, 1490244082.741369, 1490244083.140811, 1490244083.5287502, 1490244083.893885, 1490244084.229279, 1490244084.585515, 1490244084.950094, 1490244085.288335, 1490244085.624809, 1490244085.97145, 1490244086.36213, 1490244086.816051, 1490244087.1603682, 1490244087.6428008, 1490244088.038454, 1490244088.5917969, 1490244089.154284, 1490244089.5062568, 1490244090.085773, 1490244090.600173, 1490244091.131278, 1490244091.7120268, 1490244092.290947, 1490244092.932717, 1490244093.6199381, 1490244094.060765, 1490244094.46435, 1490244094.8069088, 1490244095.157633, 1490244095.53251, 1490244095.958194, 1490244096.353173, 1490244096.7776692, 1490244097.187555, 1490244098.969402, 1490244099.537892, 1490244100.0317912, 1490244100.530972, 1490244101.113659, 1490244101.24948, 1490244101.87132, 1490244102.403269, 1490244102.8005939, 1490244103.181822, 1490244103.595437, 1490244103.98988, 1490244104.348184, 1490244104.787105, 1490244105.159157, 1490244105.505311, 1490244105.859869, 1490244106.214432, 1490244106.577889, 1490244106.9264178, 1490244107.271162, 1490244107.632523, 1490244107.963875, 1490244108.31408, 1490244108.717165, 1490244109.076576, 1490244109.437789, 1490244109.846524, 1490244110.207967, 1490244110.5915232, 1490244110.929785, 1490244111.265589, 1490244111.6807659, 1490244112.014838, 1490244112.4356952, 1490244112.800643, 1490244113.232687, 1490244113.626291, 1490244113.993459],